Disease,Symptoms
نزلات البرد,قشعريرة الشعور بالتعب السعال حمى شديدة صداع سيلان الأنف احتقان الم في الصدر فقدان حاسة الشم صدئ البلغم 
الفشل الكلوي,تورم القدمين احتباس السوائل الغثيان انخفاض اخراج البول ضيق التنفس القئ الم فى الصدر ارتفاع معدل ضربات القلب
قرحة المعدة,الم في المعدة فقدان الشهية الشعور بالشبع القيء الدموي فقر الدم التجشؤ
الفشل الكلوي,تورم القدمين احتباس السوائل انخفاض اخراج البول ضيق التنفس القئ الم فى الصدر انخفاض اخراج البول
فيرس سي, الم في العضلات الم في المفاصل الشعور بالتعب فقدان الشهية اصفرار العينين الم في البطن 
نزلات البرد, احمرار العين احتقان الم في الصدر فقدان حاسة الشم صداع حمى شديدة صداع صدئ البلغم الشعور بالتعب
قرحة المعدة,فقدان الشهية الشعور بالشبع القيء الدموي فقر الدم الغثيان الانتفاخ التجشؤ
الفشل الكلوي,تورم القدمين احتباس السوائل انخفاض اخراج البول ضيق التنفس القئ ارتفاع معدل ضربات القلب
قرحة المعدة,الم في المعدة فقدان الشهية الشعور بالشبع القيء الدموي فقر الدم الغثيان القئ
الفشل الكلوي,تورم القدمين احتباس السوائل انخفاض اخراج البول ضيق التنفس القئ الم فى الصدر ارتفاع معدل ضربات القلب
فيرس سي, الم في العضلات الم في المفاصل الشعور بالتعب فقدان الشهية اصفرار العينين الم في البطن اصفرار الجلد 
نزلات البرد,صداع قشعريرة الم عضلي صدئ البلغم احتقان فقدان حاسة الشم الم في الصدر الشعور بالتعب
الالتهاب الرئوي,الشعور بالتعب السعال الم في الصدر ضيق التنفس ارتفاع معدل ضربات القلب التعرق قشعريره
فيرس سي, الم في البطن اصفرار الجلد الشعور بالغثيان القيء الم في العضلات الم في المفاصل الشعور بالتعب فقدان الشهية اصفرار العينين
قرحة المعدة,الم في المعدة فقدان الشهية الشعور بالشبع القيء الدموي فقر الدم الغثيان التجشؤ
فيرس سي, الم في العضلات الم في البطن اصفرار الجلد الشعور بالغثيان القيء 
فيرس سي, الم في العضلات الم في المفاصل الم في البطن اصفرار الجلد الشعور بالغثيان القيء 
نزلات البرد,الشعور بالتعب تضخم الغدد الليمفاوية احتقان الم عضلي احتقان الم في الصدر فقدان حاسة الشم صداع صدئ البلغم 
الفشل الكلوي, ضيق التنفس انخفاض اخراج البول القئ ارتفاع معدل ضربات القلب الغثيان الخمول
فيرس سي, الم في العضلات الم في المفاصل الشعور بالتعب فقدان الشهية الشعور بالغثيان القيء 
فيرس سي, الم في المفاصل الشعور بالتعب فقدان الشهية اصفرار العينين الم في البطن اصفرار الجلد
قرحة المعدة,الم في المعدة فقدان الوزن فقدان الشهية الشعور بالشبع القيء الدموي الانتفاخ التجشؤ
قرحة المعدة,الم في المعدة فقدان الوزن فقدان الشهية الشعور بالشبع القيء الدموي الغثيان القئ الانتفاخ
نزلات البرد,سيلان الأنف تضخم الغدد الليمفاوية الم في الصدر احتقان صداع الشعور بالتعب السعال صدئ البلغم فقدان حاسة الشم 
نزلات البرد,تهيج الحلق احمرار العين صداع الشعور بالتعب احتقان صدئ البلغم الم في الصدر فقدان حاسة الشم 
فيرس سي,الم في البطن اصفرار الجلد الشعور بالغثيان القيء الم في العضلات الشعور بالتعب
فيرس سي,الم في البطن اصفرار الجلد الشعور بالغثيان القيء الم في العضلات 
الفشل الكلوي,تورم القدمين احتباس السوائل ضيق التنفس
فيرس سي,صداع مزمن الم في البطن اصفرار الجلد الشعور بالغثيان القيء الم في العضلات 
فيرس سي,الم في البطن اصفرار الجلد الشعور بالغثيان القيء الم في العضلات الم في المفاصل فقدان الشهية اصفرار العينين
الالتهاب الرئوي,ارتفاع درجة الحرارة صدئ البلغم ارتفاع معدل ضربات القلب ضيق التنفس الخمول السعال الم في الصدر
نزلات البرد, الم عضلي سيلان الأنف صداع الشعور بالتعب الم في الصدر صدئ البلغم صداع فقدان حاسة الشم احتقان 
الالتهاب الرئوي,الشعور بالتعب السعال ارتفاع درجة الحرارة ضيق التنفس التعرق صدئ البلغم ارتفاع معدل ضربات القلب الم في الصدر الخمول
نزلات البرد,صدئ البلغم فقدان حاسة الشم السعال صداع الشعور بالتعب احمرار العين الم في الصدر احتقان ضغط الجيوب الأنفية 
فيرس سي,الم في البطن اصفرار الجلد الشعور بالغثيان القيء الم في العضلات الم في المفاصل فقدان الشهية 
نزلات البرد,فقدان حاسة الشم حمى شديدة الشعور بالتعب احتقان الم في الصدر فقدان حاسة الشم صدئ البلغم صداع
فيرس سي,الم في البطن اصفرار الجلد الشعور بالغثيان القيء الم في العضلات الم في المفاصل 
الالتهاب الرئوي,ضيق التنفس الشعور بالتعب السعال صدئ البلغم ارتفاع معدل ضربات القلب الخمول الم في الصدر
الفشل الكلوي,تورم القدمين احتباس السوائل انخفاض اخراج البول
فيرس سي, فقدان الشهية اصفرار العينين الم في البطن اصفرار الجلد الشعور بالغثيان
الالتهاب الرئوي,الخمول السعال الم في الصدر ضيق التنفس ارتفاع معدل ضربات القلب قشعريره التعرق
الفشل الكلوي,تورم القدمين انخفاض اخراج البول ضيق التنفس القئ الم فى الصدر انخفاض اخراج البول
الالتهاب الرئوي,الم في الصدر السعال ارتفاع درجة الحرارة ضيق التنفس التعرق ارتفاع معدل ضربات القلب صدئ البلغم
الفشل الكلوي,تورم القدمين انخفاض اخراج البول ضيق التنفس القئ ارتفاع معدل ضربات القلب
الالتهاب الرئوي,ضيق التنفس الشعور بالتعب السعال صدئ البلغم ارتفاع معدل ضربات القلب الم في الصدر
نزلات البرد, الشعور بالتعب صداع الم في الصدر سيلان الأنف احتقان فقدان حاسة الشم صدئ البلغم احمرار العين 
الالتهاب الرئوي,ضيق التنفس الخمول السعال ارتفاع درجة الحرارة التعرق صدئ البلغم ارتفاع معدل ضربات القلب الم في الصدر
الفشل الكلوي,تورم القدمين احتباس السوائل الغثيان الخمول انخفاض اخراج البول القئ
الالتهاب الرئوي,الخمول السعال ارتفاع درجة الحرارة ضيق التنفس ارتفاع معدل ضربات القلب الم في الصدر
نزلات البرد,الم عضلي سيلان الأنف احتقان الم في الصدر الشعور بالتعب السعال حمى شديدة صداع فقدان حاسة الشم صدئ البلغم 
الفشل الكلوي,تورم القدمين احتباس السوائل الغثيان الخمول انخفاض اخراج البول ارتفاع معدل ضربات القلب
فيرس سي, الم في العضلات الم في المفاصل الشعور بالتعب فقدان الشهية اصفرار العينين اصفرار الجلد 
الفشل الكلوي,تورم القدمين احتباس السوائل الغثيان الخمول انخفاض اخراج البول الم فى الصدر
فيرس سي, الم في العضلات الم في المفاصل الشعور بالتعب اصفرار العينين الم في البطن اصفرار الجلد 
الالتهاب الرئوي,ضيق التنفس الشعور بالتعب السعال قشعريره ارتفاع درجة الحرارة التعرق صدئ البلغم ارتفاع معدل ضربات القلب الم في الصدر
الفشل الكلوي,تورم القدمين انخفاض اخراج البول ضيق التنفس القئ الم فى الصدر 
قرحة المعدة,الم في المعدة فقدان الوزن الشعور بالشبع القيء الدموي فقر الدم الغثيان التجشؤ
نزلات البرد,فقدان حاسة الشم الم في الصدر صداع الشعور بالتعب صدئ البلغم سيلان الأنف احتقان ضغط الجيوب الأنفية
الالتهاب الرئوي,الشعور بالتعب ارتفاع معدل ضربات القلب الم في الصدر السعال ضيق التنفس التعرق صدئ البلغم
فيرس سي, الم في العضلات الم في المفاصل الشعور بالتعب فقدان الشهية اصفرار الجلد
نزلات البرد,قشعريرة الم عضلي الشعور بالتعب صداع سيلان الأنف احتقان فقدان حاسة الشم الم في الصدر صدئ البلغم
قرحة المعدة,الم في المعدة فقدان الوزن الشعور بالشبع القيء الدموي فقر الدم القئ التجشؤ
نزلات البرد,الم في الصدر صداع سيلان الأنف احتقان الشعور بالتعب ضغط الجيوب الأنفية فقدان حاسة الشم الم عضلي صدئ البلغم
الالتهاب الرئوي,ضيق التنفس الشعور بالتعب السعال ارتفاع درجة الحرارة قشعريره صدئ البلغم الم في الصدر الخمول
قرحة المعدة,الم في المعدة فقدان الوزن الشعور بالشبع القيء الدموي فقر الدم القئ الانتفاخ
فيرس سي, الم في العضلات الم في المفاصل الشعور بالتعب الم في البطن اصفرار الجلد 
قرحة المعدة,الم في المعدة فقدان الوزن الشعور بالشبع القيء الدموي فقر الدم الانتفاخ التجشؤ
الالتهاب الرئوي,الم في الصدر الشعور بالتعب السعال ضيق التنفس التعرق صدئ البلغم ارتفاع معدل ضربات القلب
فيرس سي, الم في العضلات الم في المفاصل فقدان الشهية اصفرار العينين الم في البطن 
الفشل الكلوي,تورم القدمين احتباس السوائل انخفاض اخراج البول ضيق التنفس القئ انخفاض اخراج البول
قرحة المعدة,الم في المعدة فقدان الوزن فقدان الشهية الشعور بالشبع القيء الدموي الغثيان القئ التجشؤ
الالتهاب الرئوي,السعال ارتفاع درجة الحرارة ضيق التنفس التعرق صدئ البلغم ارتفاع ضغط الدم ارتفاع معدل ضربات القلب الم في الصدر
نزلات البرد, سيلان الأنف تهيج الحلق احتقان الشعور بالتعب فقدان حاسة الشم صداع قشعريرة الم في الصدر صدئ البلغم فقدان حاسة الشم 
الالتهاب الرئوي,الشعور بالتعب السعال الم في الصدر ارتفاع ضغط الدم ضيق التنفس ارتفاع معدل ضربات القلب قشعريره
فيرس سي, الم في العضلات اصفرار العينين الم في البطن اصفرار الجلد الشعور بالغثيان 
الالتهاب الرئوي,الشعور بالتعب ارتفاع ضغط الدم ارتفاع معدل ضربات القلب الم في الصدر السعال ضيق التنفس التعرق صدئ البلغم
نزلات البرد,احتقان حمى شديدة صداع الشعور بالتعب الم في الصدر تهيج الحلق احمرار العين صدئ البلغم فقدان حاسة الشم تضخم الغدد الليمفاوية 
قرحة المعدة,فقدان الشهية الشعور بالشبع القيء الدموي فقر الدم الغثيان القئ الانتفاخ التجشؤ
الفشل الكلوي,تورم القدمين انخفاض اخراج البول ضيق التنفس القئ انخفاض اخراج البول
الالتهاب الرئوي,ارتفاع درجة الحرارة صدئ البلغم ارتفاع معدل ضربات القلب ضيق التنفس السعال الخمول
قرحة المعدة,الم في المعدة فقدان الوزن الشعور بالشبع القيء الدموي فقر الدم الغثيان القئ الانتفاخ
نزلات البرد, حمى شديدة صداع قشعريرة سيلان الأنف احتقان الشعور بالتعب الم في الصدر فقدان حاسة الشم السعال صدئ البلغم
فيرس سي, الشعور بالتعب فقدان الشهية اصفرار العينين الم في البطن اصفرار الجلد
قرحة المعدة,الم في المعدة فقدان الوزن فقدان الشهية الشعور القيء الدموي فقر الدم القئ التجشؤ
نزلات البرد,صدئ البلغم سيلان الأنف احتقان الم في الصدر الشعور بالتعب فقدان حاسة الشم صداع احمرار العين حمى شديدة 
فيرس سي, الشعور بالغثيان القيء صداع مزمن الم في العضلات الم في المفاصل الشعور بالتعب فقدان الشهية اصفرار العينين
فيرس سي, الم في العضلات فقدان الشهية اصفرار العينين الم في البطن اصفرار الجلد 
الفشل الكلوي,تورم القدمين احتباس السوائل الغثيان انخفاض اخراج البول
الالتهاب الرئوي,ضيق التنفس الشعور بالتعب السعال ارتفاع درجة الحرارة ارتفاع ضغط الدم صدئ البلغم الم في الصدر الخمول
قرحة المعدة,الم في المعدة فقدان الوزن فقدان الشهية القيء الدموي فقر الدم الغثيان الانتفاخ التجشؤ
الالتهاب الرئوي,الشعور بالتعب السعال ضيق التنفس التعرق صدئ البلغم ارتفاع معدل ضربات القلب الم في الصدر قشعريره
قرحة المعدة,الم في المعدة فقدان الوزن فقدان الشهية القيء الدموي فقر الدم الغثيان القئ الانتفاخ
نزلات البرد,ضغط الجيوب الأنفية فقدان حاسة الشم سيلان الأنف احتقان الم في الصدر صداع صدئ البلغم الشعور بالتعب الم عضلي
قرحة المعدة,الم في المعدة فقدان الوزن فقدان الشهية الشعور بالشبع فقر الدم
نزلات البرد,تضخم الغدد الليمفاوية حمى شديدة قشعريرة الم في الصدر صداع احتقان فقدان حاسة الشم صدئ البلغم احمرار العين الشعور بالتعب 
قرحة المعدة,الم في المعدة فقدان الوزن فقدان الشهية الشعور بالشبع فقر الدم الغثيان القئ الانتفاخ التجشؤ
فيرس سي,الم في البطن اصفرار الجلد الشعور بالغثيان القيء الم في المفاصل الشعور بالتعب 
الالتهاب الرئوي,الم في الصدر السعال ارتفاع درجة الحرارة ضيق التنفس التعرق ارتفاع ضغط الدم ارتفاع معدل ضربات القلب قشعريره
الفشل الكلوي,ارتفاع معدل ضربات القلب القئ انخفاض اخراج البول ضيق التنفس الغثيان الم في الصدر الخمول
الالتهاب الرئوي,ضيق التنفس الشعور بالتعب السعال ارتفاع درجة الحرارة التعرق ارتفاع ضغط الدم صدئ البلغم ارتفاع معدل ضربات القلب الم في الصدر
قرحة المعدة,الم في المعدة فقدان الشهية الشعور بالشبع القيء الدموي فقر الدم القئ
الالتهاب الرئوي,الشعور بالتعب السعال ارتفاع درجة الحرارة ارتفاع ضغط الدم ضيق التنفس التعرق صدئ البلغم ارتفاع معدل ضربات القلب الم في الصدر الخمول
فيرس سي,الم في البطن اصفرار الجلد الشعور بالغثيان القيء الم في العضلات الشعور بالتعب فقدان الشهية 
نزلات البرد,السعال صدئ البلغم الشعور بالتعب صداع فقدان حاسة الشم احتقان تضخم الغدد الليمفاوية الم في الصدر 
الالتهاب الرئوي,ارتفاع درجة الحرارة ارتفاع ضغط الدم صدئ البلغم ارتفاع معدل ضربات القلب ضيق التنفس السعال الخمول الم في الصدر
قرحة المعدة,فقدان الوزن فقدان الشهية الشعور بالشبع القيء الدموي فقر الدم القئ الانتفاخ التجشؤ
فيرس سي,الم في البطن اصفرار الجلد الشعور بالغثيان القيء الم في العضلات الم في المفاصل اصفرار العينين
الالتهاب الرئوي,ضيق التنفس الشعور بالتعب ارتفاع ضغط الدم السعال صدئ البلغم ارتفاع معدل ضربات القلب الم في الصدر
الفشل الكلوي,الغثيان ضيق التنفس الم في الصدر انخفاض اخراج البول القئ ارتفاع معدل ضربات القلب الغثيان احتباس السوائل
قرحة المعدة,فقدان الوزن فقدان الشهية الشعور بالشبع القيء الدموي فقر الدم الغثيان الانتفاخ التجشؤ
الالتهاب الرئوي,ضيق التنفس الخمول السعال ارتفاع درجة الحرارة ارتفاع ضغط الدم التعرق صدئ البلغم ارتفاع معدل ضربات القلب الم في الصدر
فيرس سي,الم في البطن اصفرار الجلد الشعور بالغثيان القيء الم في العضلات فقدان الشهية اصفرار العينين
الالتهاب الرئوي,ضيق التنفس الخمول السعال صدئ البلغم ارتفاع ضغط الدم ارتفاع معدل ضربات القلب الم في الصدر
قرحة المعدة,الم في المعدة فقدان الشهية الشعور بالشبع القيء الدموي فقر الدم الغثيان القئ الانتفاخ التجشؤ
فيرس سي, اصفرار الجلد القيء الم في العضلات الم في المفاصل الشعور بالتعب فقدان الشهية اصفرار العينين
الالتهاب الرئوي,ضيق التنفس الخمول السعال صدئ البلغم ارتفاع معدل ضربات القلب الم في الصدر
الفشل الكلوي,ضيق التنفس انخفاض اخراج البول القئ ارتفاع معدل ضربات القلب تورم القدمين الخمول 
الالتهاب الرئوي,الم في الصدر الخمول السعال ضيق التنفس التعرق صدئ البلغم ارتفاع معدل ضربات القلب
الالتهاب الرئوي,ارتفاع درجة الحرارة صدئ البلغم ارتفاع معدل ضربات القلب ضيق التنفس السعال الخمول الم في الصدر
فيرس سي, اصفرار الجلد الم في العضلات الم في المفاصل الشعور بالتعب فقدان الشهية اصفرار العينين
الفشل الكلوي,تورم القدمين احتباس السوائل الغثيان الخمول انخفاض اخراج البول ضيق التنفس ارتفاع معدل ضربات القلب
الالتهاب الرئوي,ضيق التنفس الشعور بالتعب السعال قشعريره ارتفاع درجة الحرارة التعرق صدئ البلغم ارتفاع معدل ضربات القلب الم في الصدر ارتفاع ضغط الدم
الفشل الكلوي,تورم القدمين احتباس السوائل الغثيان الخمول انخفاض اخراج البول ضيق التنفس القئ انخفاض اخراج البول
قرحة المعدة,الم في المعدة فقدان الوزن الشعور بالشبع القيء الدموي فقر الدم القئ
الالتهاب الرئوي,ارتفاع ضغط الدم الم في الصدر السعال ارتفاع درجة الحرارة ضيق التنفس التعرق ارتفاع معدل ضربات القلب صدئ البلغم
فيرس سي, الم في العضلات الم في المفاصل الشعور بالتعب فقدان الشهية اصفرار العينين الم في البطن اصفرار الجلد الشعور بالغثيان القيء 
الالتهاب الرئوي,قشعريره الم في الصدر الخمول السعال ضيق التنفس التعرق صدئ البلغم ارتفاع معدل ضربات القلب
فيرس سي, الشعور بالغثيان القيء الم في العضلات الم في المفاصل الشعور بالتعب فقدان الشهية 
نزلات البرد,قشعريرة سيلان الأنف احتقان الم في الصدر الشعور بالتعب السعال حمى شديدة صداع صدئ البلغم فقدان حاسة الشم
قرحة المعدة,فقدان الوزن فقدان الشهية الشعور بالشبع القيء الدموي فقر الدم الغثيان
الالتهاب الرئوي,ضيق التنفس الخمول السعال صدئ البلغم قشعريره ارتفاع معدل ضربات القلب الم في الصدر
فيرس سي, اصفرار الجلد الشعور بالغثيان فقدان الشهية اصفرار العينين الم في البطن 
قرحة المعدة,فقدان الوزن فقدان الشهية الشعور بالشبع القيء الدموي فقر الدم القئ
فيرس سي, الم في العضلات الم في المفاصل الشعور بالتعب فقدان الشهية اصفرار العينين الم في البطن اصفرار الجلد الشعور بالغثيان 
قرحة المعدة,الم في المعدة فقدان الوزن الشعور بالشبع القيء الدموي فقر الدم التجشؤ
الالتهاب الرئوي,الم في الصدر الشعور بالتعب السعال ضيق التنفس قشعريره صدئ البلغم ارتفاع معدل ضربات القلب
قرحة المعدة,الم في المعدة فقدان الوزن الشعور بالشبع القيء الدموي فقر الدم الغثيان الانتفاخ
الالتهاب الرئوي,ضيق التنفس الشعور بالتعب السعال صدئ البلغم الم في الصدر الخمول قشعريره
الفشل الكلوي,تورم القدمين احتباس السوائل الغثيان الخمول انخفاض اخراج البول ضيق التنفس القئ الم فى الصدر انخفاض اخراج البول
الالتهاب الرئوي,الخمول الم في الصدر السعال الشعور بالتعب ضيق التنفس التعرق ارتفاع معدل ضربات القلب قشعريره
الفشل الكلوي,تورم القدمين احتباس السوائل الغثيان الخمول انخفاض اخراج البول ضيق التنفس القئ ارتفاع معدل ضربات القلب
فيرس سي, الشعور بالغثيان الم في العضلات الم في المفاصل الشعور بالتعب فقدان الشهية اصفرار العينين
الفشل الكلوي,تورم القدمين احتباس السوائل الغثيان الخمول انخفاض اخراج البول ضيق التنفس القئ الم فى الصدر ارتفاع معدل ضربات القلب
نزلات البرد, تهيج الحلق سيلان الأنف احتقان الم في الصدر الشعور بالتعب صداع فقدان حاسة الشم صدئ البلغم تضخم الغدد الليمفاوية
فيرس سي, الشعور بالغثيان القيء الم في المفاصل الشعور بالتعب فقدان الشهية اصفرار العينين
الالتهاب الرئوي, ارتفاع معدل ضربات القلب قشعريره الم في الصدر الخمول السعال ضيق التنفس صدئ البلغم
فيرس سي,الم في البطن اصفرار الجلد الشعور بالغثيان القيء اصفرار العينين
الالتهاب الرئوي,السعال ارتفاع درجة الحرارة ضيق التنفس التعرق صدئ البلغم ارتفاع معدل ضربات القلب الم في الصدر
نزلات البرد,تضخم الغدد الليمفاوية الشعور بالتعب السعال حمى شديدة صداع حتقان الم في الصدر صدئ البلغم احمرار العين فقدان حاسة الشم
فيرس سي, الشعور بالغثيان القيء الم في المفاصل الشعور بالتعب فقدان الشهية
قرحة المعدة,الم في المعدة فقدان الوزن فقدان الشهية الشعور بالشبع القيء الدموي فقر الدم الغثيان القئ الانتفاخ التجشؤ
فيرس سي, القيء الم في المفاصل الشعور بالتعب فقدان الشهية اصفرار العينين
قرحة المعدة,فقدان الشهية الشعور بالشبع القيء الدموي فقر الدم القئ الانتفاخ التجشؤ
نزلات البرد,احتقان فقدان حاسة الشم صداع الم في الصدر السعال ضغط الجيوب الأنفية الشعور بالتعب صدئ البلغم
الالتهاب الرئوي,ضيق التنفس الخمول السعال ارتفاع درجة الحرارة صدئ البلغم ارتفاع معدل ضربات القلب الم في الصدر
نزلات البرد,صداع احتقان فقدان حاسة الشم صدئ البلغم السعال الم في الصدر الشعور بالتعب فقدان حاسة الشم
قرحة المعدة,الم في المعدة فقدان الوزن الشعور بالشبع القيء الدموي فقر الدم الغثيان القئ
الفشل الكلوي,تورم القدمين احتباس السوائل الغثيان انخفاض اخراج البول ضيق التنفس القئ انخفاض اخراج البول
نزلات البرد,صدئ البلغم تهيج الحلق احمرار العين سيلان الأنف احتقان الم في الصدر فقدان حاسة الشم الم عضلي الشعور بالتعب صداع 
قرحة المعدة,الم في المعدة فقدان الوزن فقدان الشهية الشعور بالشبع القيء الدموي فقر الدم القئ
الالتهاب الرئوي,الخمول ضيق التنفس الشعور بالتعب السعال ارتفاع درجة الحرارة التعرق صدئ البلغم ارتفاع معدل ضربات القلب الم في الصدر قشعريره
نزلات البرد,الم عضلي قشعريرة الشعور بالتعب الم في الصدر صدئ البلغم صداع الشعور بالتعب فقدان حاسة الشم حمى شديدة احتقان 
قرحة المعدة,الم في المعدة فقدان الوزن فقدان الشهية الشعور بالشبع القيء الدموي فقر الدم الغثيان
الفشل الكلوي,تورم القدمين احتباس السوائل الغثيان انخفاض اخراج البول ضيق التنفس القئ الم فى الصدر 
قرحة المعدة,الم في المعدة فقدان الوزن فقدان الشهية الشعور بالشبع القيء الدموي فقر الدم
الفشل الكلوي,تورم القدمين احتباس السوائل الغثيان انخفاض اخراج البول ضيق التنفس القئ ارتفاع معدل ضربات القلب
قرحة المعدة,فقدان الوزن فقدان الشهية الشعور بالشبع القيء الدموي فقر الدم الغثيان القئ
الفشل الكلوي,تورم القدمين احتباس السوائل الغثيان انخفاض اخراج البول ضيق التنفس الم فى الصدر 
نزلات البرد,ضغط الجيوب الأنفية السعال حمى شديدة احتقان الم في الصدر فقدان حاسة الشم صداع صدئ البلغم الشعور بالتعب 
الفشل الكلوي,ضيق التنفس انخفاض اخراج البول القئ ارتفاع معدل ضربات القلب تورم القدمين احتباس السوائل 
الالتهاب الرئوي, ارتفاع معدل ضربات القلب ارتفاع ضغط الدم الم في الصدر قشعريره ارتفاع ضغط الدم السعال ضيق التنفس صدئ البلغم
نزلات البرد,قشعريرة حمى شديدة صداع الشعور بالتعب صدئ البلغم فقدان حاسة الشم احمرار العين احتقان الم في الصدر الم عضلي
قرحة المعدة,فقدان الوزن فقدان الشهية الشعور بالشبع القيء الدموي فقر الدم التجشؤ
الفشل الكلوي,تورم القدمين احتباس السوائل الغثيان انخفاض اخراج البول ضيق التنفس القئ الم فى الصدر انخفاض اخراج البول
نزلات البرد,حمى شديدة صداع فقدان حاسة الشم صدئ البلغم سيلان الأنف احتقان الشعور بالتعب احتقان الم في الصدر 
الفشل الكلوي,تورم القدمين احتباس السوائل الغثيان انخفاض اخراج البول ضيق التنفس انخفاض اخراج البول
الالتهاب الرئوي,السعال ارتفاع درجة الحرارة ضيق التنفس ارتفاع ضغط الدم التعرق صدئ البلغم ارتفاع معدل ضربات القلب الم في الصدر
قرحة المعدة,الم في المعدة فقدان الوزن فقدان الشهية الشعور بالشبع القيء الدموي فقر الدم الغثيان الانتفاخ التجشؤ
الفشل الكلوي,تورم القدمين احتباس السوائل الغثيان انخفاض اخراج البول ضيق التنفس ارتفاع معدل ضربات القلب
قرحة المعدة,فقدان الوزن فقدان الشهية الشعور بالشبع القيء الدموي فقر الدم الغثيان القئ الانتفاخ التجشؤ
الالتهاب الرئوي,ارتفاع درجة الحرارة صدئ البلغم ارتفاع معدل ضربات القلب ضيق التنفس السعال الخمول الم في الصدر التعرق
قرحة المعدة,الم في المعدة فقدان الوزن فقدان الشهية الشعور بالشبع القيء الدموي فقر الدم القئ الانتفاخ التجشؤ
نزلات البرد,الشعور بالتعب السعال حمى شديدة صداع فقدان حاسة الشم احتقان الم في الصدر صدئ البلغم سيلان الأنف الم عضلي 
الالتهاب الرئوي, ارتفاع معدل ضربات القلب الم في الصدر الشعور بالتعب السعال ضيق التنفس صدئ البلغم
نزلات البرد, تضخم الغدد الليمفاوية صدئ البلغم تهيج الحلق احتقان الم في الصدر الشعور بالتعب صداع فقدان حاسة الشم
فيرس سي,الم في البطن الشعور بالغثيان القيء الم في العضلات الم في المفاصل
الالتهاب الرئوي,الشعور بالتعب السعال الم في الصدر ضيق التنفس ارتفاع معدل ضربات القلب قشعريره
قرحة المعدة,الم في المعدة فقدان الوزن فقدان الشهية القيء الدموي فقر الدم الغثيان
فيرس سي,الم في البطن الشعور بالغثيان القيء الم في العضلات الم في المفاصل الشعور بالتعب
قرحة المعدة,الم في المعدة فقدان الوزن فقدان الشهية الشعور بالشبع القيء الدموي فقر الدم الغثيان الانتفاخ
فيرس سي, اصفرار الجلد الشعور بالغثيان القيء الم في العضلات الم في المفاصل 
الفشل الكلوي, انخفاض اخراج البول ضيق التنفس ارتفاع معدل ضربات القلب القئ الم الصدر تورم القدمين احتباس السوائل
فيرس سي,الم في البطن الشعور بالغثيان القيء الم في العضلات الم في المفاصل الشعور بالتعب فقدان الشهية 
قرحة المعدة,الم في المعدة فقدان الوزن فقدان الشهية الشعور بالشبع القيء الدموي فقر الدم الانتفاخ
فيرس سي, اصفرار الجلد الشعور بالغثيان القيء الم في العضلات الم في المفاصل الشعور بالتعب 
قرحة المعدة,الم في المعدة فقدان الوزن فقدان الشهية الشعور بالشبع القيء الدموي فقر الدم الغثيان القئ
الفشل الكلوي,انخفاض اخراج البول ضيق التنفس القئ ارتفاع معدل ضربات القلب الم الصدر تورم القدمين احتباس السوائل الخمول 
قرحة المعدة,الم في المعدة فقدان الوزن فقدان الشهية الشعور بالشبع القيء الدموي فقر الدم الغثيان التجشؤ
فيرس سي,الم في البطن الشعور بالغثيان القيء الم في العضلات الم في المفاصل الشعور بالتعب فقدان الشهية اصفرار العينين
الفشل الكلوي,ضيق التنفس انخفاض اخراج البول القئ الم الصدر ارتفاع معدل ضربات القلب الخمول تورم القدمين
الالتهاب الرئوي,الشعور بالتعب السعال ارتفاع درجة الحرارة ضيق التنفس التعرق صدئ البلغم ارتفاع معدل ضربات القلب الم في الصدر قشعريره
نزلات البرد, احتقان الم في الصدر فقدان حاسة الشم قشعريرة الشعور بالتعب السعال حمى شديدة صداع صدئ البلغم 
فيرس سي, القيء صداع مزمن الم في العضلات الم في المفاصل الشعور بالتعب فقدان الشهية اصفرار العينين
نزلات البرد,السعال حمى شديدة صداع صدئ البلغم تهيج الحلق احتقان الم في الصدر فقدان حاسة الشم الشعور بالتعب 
قرحة المعدة,الم في المعدة فقدان الوزن فقدان الشهية الشعور بالشبع القيء الدموي فقر الدم الانتفاخ التجشؤ
نزلات البرد,الم عضلي صدئ البلغم الم في الصدر صداع احتقان الشعور بالتعب حمى شديدة فقدان حاسة الشم احمرار العين
الفشل الكلوي,القئ ارتفاع معدل ضربات القلب انخفاض اخراج البول ضيق التنفس الم الصدر الخمول احتباس السوائل
قرحة المعدة,الم في المعدة فقدان الوزن فقدان الشهية الشعور بالشبع القيء الدموي فقر الدم الغثيان القئ الانتفاخ
نزلات البرد,احمرار العين ضغط الجيوب الأنفية تضخم الغدد الليمفاوية صدئ البلغم تهيج الحلق الشعور بالتعب صداع الم في الصدر فقدان حاسة الشم احتقان
قرحة المعدة,الم في المعدة فقدان الوزن فقدان الشهية الشعور بالشبع القيء الدموي فقر الدم الغثيان القئ التجشؤ
الفشل الكلوي, انخفاض اخراج البول ضيق التنفس الم في الصدر القئ ارتفاع معدل ضربات القلب تورم القدمين احتباس السوائل الغثيان
نزلات البرد,سيلان الأنف احتقان ضغط الجيوب الأنفية فقدان حاسة الشم الم عضلي صداع الشعور بالتعب احتقان الم في الصدر صدئ البلغم
قرحة المعدة,الم في المعدة فقدان الوزن فقدان الشهية الشعور بالشبع القيء الدموي فقر الدم القئ الانتفاخ
قرحة المعدة,الم في المعدة فقدان الوزن فقدان الشهية الشعور بالشبع القيء الدموي فقر الدم القئ التجشؤ
الالتهاب الرئوي,ضيق التنفس الخمول السعال ارتفاع درجة الحرارة قشعريره صدئ البلغم ارتفاع معدل ضربات القلب الم في الصدر
نزلات البرد, تضخم الغدد الليمفاوية صدئ البلغم الم في الصدر صداع احتقان فقدان حاسة الشم الشعور بالتعب تهيج الحلق
فيرس سي,الم في البطن اصفرار الجلد القيء الم في العضلات الم في المفاصل الشعور بالتعب فقدان الشهية
قرحة المعدة,الم في المعدة فقدان الوزن فقدان الشهية الشعور بالشبع القيء الدموي الغثيان الانتفاخ
نزلات البرد,تهيج الحلق احتقان الم في الصدر الشعور بالتعب السعال حمى شديدة صداع فقدان حاسة الشم صدئ البلغم 
فيرس سي, الم في البطن القيء الم في العضلات صداع مزمن الم في المفاصل الشعور بالتعب فقدان الشهية اصفرار العينين
نزلات البرد,السعال الم في الصدر صداع صدئ البلغم الم عضلي احتقان الشعور بالتعب فقدان حاسة الشم
نزلات البرد,احتقان الم عضلي صدئ البلغم تهيج الحلق احمرار العين الم في الصدر فقدان حاسة الشم الشعور بالتعب صداع 
فيرس سي,الم في البطن اصفرار الجلد القيء الم في العضلات الم في المفاصل الشعور بالتعب فقدان الشهية اصفرار العينين
قرحة المعدة,الم في المعدة فقدان الوزن فقدان الشهية الشعور بالشبع القيء الدموي التجشؤ
فيرس سي,الم في البطن اصفرار الجلد القيء الم في العضلات الم في المفاصل الشعور بالتعب 
نزلات البرد, احمرار العين الشعور بالتعب السعال حمى شديدة صداع احتقان تضخم الغدد الليمفاوية صدئ البلغم الم في الصدر فقدان حاسة الشم 
قرحة المعدة,الم في المعدة فقدان الوزن فقدان الشهية الشعور بالشبع القيء الدموي الغثيان القئ
نزلات البرد,الم في الصدر فقدان حاسة الشم صداع الشعور بالتعب السعال صدئ البلغم احتقان قشعريرة
فيرس سي, الم في العضلات صداع مزمن الم في المفاصل الشعور بالتعب فقدان الشهية اصفرار العينين
فيرس سي,الم في البطن اصفرار الجلد القيء الم في العضلات الم في المفاصل 
الفشل الكلوي,تورم القدمين احتباس السوائل انخفاض اخراج البول الم فى الصدر
قرحة المعدة,الم في المعدة فقدان الوزن فقدان الشهية الشعور بالشبع القيء الدموي القئ الانتفاخ
فيرس سي,الم في البطن اصفرار الجلد الشعور بالغثيان الم في العضلات الم في المفاصل الشعور بالتعب 
الفشل الكلوي,تورم القدمين احتباس السوائل انخفاض اخراج البول ضيق التنفس الم فى الصدر 
قرحة المعدة,الم في المعدة فقدان الوزن فقدان الشهية الشعور بالشبع القيء الدموي القئ التجشؤ
الفشل الكلوي,تورم القدمين احتباس السوائل انخفاض اخراج البول ارتفاع معدل ضربات القلب
نزلات البرد,سيلان الأنف احتقان الم في الصدر فقدان حاسة الشم الم عضلي الشعور بالتعب صداع صدئ البلغم احمرار العين
الفشل الكلوي,تورم القدمين احتباس السوائل انخفاض اخراج البول ضيق التنفس القئ 
الالتهاب الرئوي, قشعريره ارتفاع معدل ضربات القلب الم في الصدر الخمول السعال ضيق التنفس صدئ البلغم
الفشل الكلوي,تورم القدمين احتباس السوائل انخفاض اخراج البول ضيق التنفس انخفاض اخراج البول
فيرس سي,الم في البطن اصفرار الجلد الشعور بالغثيان الم في العضلات الم في المفاصل الشعور بالتعب فقدان الشهية 
الفشل الكلوي,تورم القدمين احتباس السوائل انخفاض اخراج البول ضيق التنفس القئ الم فى الصدر 
نزلات البرد,صداع الم عضلي تهيج الحلق احمرار العين احتقان الم في الصدر الشعور بالتعب تضخم الغدد الليمفاوية فقدان حاسة الشم صدئ البلغم
الفشل الكلوي,تورم القدمين احتباس السوائل انخفاض اخراج البول ضيق التنفس ارتفاع معدل ضربات القلب
نزلات البرد,تضخم الغدد الليمفاوية صداع احتقان الشعور بالتعب السعال الم في الصدر صدئ البلغم فقدان حاسة الشم 
فيرس سي,الم في البطن اصفرار الجلد الشعور بالغثيان الم في العضلات الم في المفاصل
الالتهاب الرئوي,ارتفاع درجة الحرارة السعال الم في الصدر ضيق التنفس ارتفاع معدل ضربات القلب قشعريره
الفشل الكلوي, ارتفاع معدل ضربات القلب ضيق التنفس انخفاض اخراج البول القئ الخمول 
الفشل الكلوي,القئ تورم القدمين احتباس السوائل ضيق التنفس ارتفاع معدل ضربات القلب انخفاض اخراج البول
الالتهاب الرئوي,قشعريره السعال ارتفاع درجة الحرارة ضيق التنفس التعرق صدئ البلغم ارتفاع معدل ضربات القلب الم في الصدر
نزلات البرد,قشعريرة الم في الصدر صداع الشعور بالتعب فقدان حاسة الشم احتقان صدئ البلغم احمرار العين
الفشل الكلوي,ارتفاع معدل ضربات القلب القئ الخمول احتباس السوائل انخفاض اخراج البول ضيق التنفس 
الالتهاب الرئوي, ارتفاع معدل ضربات القلب الم في الصدر ارتفاع درجة الحرارة السعال ضيق التنفس صدئ البلغم
فيرس سي,الم في البطن اصفرار الجلد الشعور بالغثيان القيء الم في المفاصل الشعور بالتعب فقدان الشهية اصفرار العينين
فيرس سي,الم في البطن اصفرار الجلد الشعور بالغثيان القيء الم في المفاصل الشعور بالتعب فقدان الشهية 
الفشل الكلوي, ضيق التنفس القئ ارتفاع معدل ضربات القلب انخفاض اخراج البول الغثيان
فيرس سي,الم في البطن اصفرار الجلد الشعور بالغثيان الم في العضلات الم في المفاصل الشعور بالتعب فقدان الشهية اصفرار العينين
نزلات البرد, احمرار العين حمى شديدة صداع الشعور بالتعب احتقان الم في الصدر فقدان حاسة الشم صدئ البلغم قشعريرة 
فيرس سي,الم في البطن اصفرار الجلد الشعور بالغثيان القيء الم في العضلات الم في المفاصل الشعور بالتعب 
نزلات البرد,فقدان حاسة الشم تضخم الغدد الليمفاوية صدئ البلغم صداع الشعور بالتعب صدئ البلغم احتقان الم في الصدر السعال
الالتهاب الرئوي,السعال ارتفاع درجة الحرارة ضيق التنفس التعرق صدئ البلغم ارتفاع معدل ضربات القلب الم في الصدر قشعريره
الفشل الكلوي, القئ احتباس السوائل انخفاض اخراج البول ضيق التنفس ارتفاع معدل ضربات القلب 
الالتهاب الرئوي,الخمول السعال الم في الصدر ضيق التنفس ارتفاع درجة الحرارة الشعور بالتعب التعرق
فيرس سي,الم في البطن اصفرار الجلد الشعور بالغثيان القيء الم في العضلات الم في المفاصل الشعور بالتعب فقدان الشهية اصفرار العينين
فيرس سي, اصفرار الجلد الشعور بالغثيان القيء الم في العضلات الم في المفاصل الشعور بالتعب فقدان الشهية اصفرار العينين
الالتهاب الرئوي,ضيق التنفس الشعور بالتعب السعال ارتفاع درجة الحرارة صدئ البلغم الم في الصدر الخمول
نزلات البرد,سيلان الأنف حمى شديدة الشعور بالتعب صداع الم في الصدر فقدان حاسة الشم احتقان صدئ البلغم قشعريرة 
الالتهاب الرئوي,الم في الصدر السعال ارتفاع درجة الحرارة ضيق التنفس التعرق ارتفاع معدل ضربات القلب قشعريره
فيرس سي,الم في البطن اصفرار الجلد الشعور بالغثيان القيء الم في العضلات الم في المفاصل الشعور بالتعب فقدان الشهية 
نزلات البرد, الم عضلي احتقان الم في الصدر فقدان حاسة الشم صداع قشعريرة الشعور بالتعب صدئ البلغم سيلان الأنف
الفشل الكلوي,ضيق التنفس انخفاض اخراج البول تورم القدمين ارتفاع معدل ضربات القلب القئ الم فى الصدر 
نزلات البرد,احتقان الم في الصدر فقدان حاسة الشم الم عضلي صدئ البلغم تهيج الحلق صداع الشعور بالتعب 
الفشل الكلوي, ارتفاع معدل ضربات القلب الغثيان ضيق التنفس انخفاض اخراج البول القئ الم فى الصدر
نزلات البرد, الم في الصدر فقدان حاسة الشم سيلان الأنف احتقان صداع صدئ البلغم قشعريرة الشعور بالتعب حمى شديدة
الفشل الكلوي,انخفاض اخراج البول احتباس السوائل تورم القدمين ارتفاع معدل ضربات القلب ضيق التنفس الم في الصدر الغثيان الخمول القئ
الفشل الكلوي, ارتفاع معدل ضربات القلب الخمول القئ الم فى الصدر انخفاض اخراج البول ضيق التنفس 
الالتهاب الرئوي,ضيق التنفس الشعور بالتعب السعال ارتفاع درجة الحرارة التعرق صدئ البلغم ارتفاع معدل ضربات القلب الم في الصدر
الفشل الكلوي,الم في الصدر انخفاض اخراج البول احتباس السوائل ضيق التنفس ارتفاع معدل ضربات القلب القئ
الالتهاب الرئوي,السعال ارتفاع درجة الحرارة ضيق التنفس الشعور بالتعب التعرق صدئ البلغم ارتفاع معدل ضربات القلب الم في الصدر
فيرس سي, القيء الم في المفاصل الشعور بالتعب فقدان الشهية اصفرار العينين صداع مزمن
الالتهاب الرئوي,الخمول السعال ارتفاع درجة الحرارة ضيق التنفس ارتفاع معدل ضربات القلب الم في الصدر قشعريره
نزلات البرد,احمرار العين صداع الم في الصدر فقدان حاسة الشم احتقان الشعور بالتعب صدئ البلغم تضخم الغدد الليمفاوية 
الفشل الكلوي,ضيق التنفس انخفاض اخراج البول القئ الخمول تورم القدمين
الالتهاب الرئوي,ضيق التنفس الشعور بالتعب السعال قشعريره صدئ البلغم ارتفاع معدل ضربات القلب الم في الصدر
قرحة المعدة,الم في المعدة فقدان الوزن فقدان الشهية الشعور بالشبع فقر الدم القئ
الفشل الكلوي,ضيق التنفس انخفاض اخراج البول القئ تورم القدمين الغثيان 
نزلات البرد, تهيج الحلق السعال حمى شديدة سيلان الأنف احتقان صداع الم في الصدر فقدان حاسة الشم صدئ البلغم الشعور بالتعب
الالتهاب الرئوي, ارتفاع معدل ضربات القلب الشعور بالتعب الم في الصدر الخمول السعال ضيق التنفس صدئ البلغم
الفشل الكلوي, انخفاض اخراج البول القئ تورم القدمين 
قرحة المعدة,الم في المعدة فقدان الوزن فقدان الشهية القيء الدموي فقر الدم الغثيان القئ التجشؤ
نزلات البرد,تهيج الحلق صدئ البلغم حمى شديدة صداع تضخم الغدد الليمفاوية احتقان الشعور بالتعب فقدان حاسة الشم الم في الصدر
قرحة المعدة,الم في المعدة فقدان الوزن فقدان الشهية الشعور بالشبع فقر الدم الانتفاخ
قرحة المعدة,الم في المعدة فقدان الوزن فقدان الشهية الشعور بالشبع فقر الدم التجشؤ
نزلات البرد, سيلان الأنف فقدان حاسة الشم الشعور بالتعب صداع احتقان صدئ البلغم قشعريرة الم في الصدر تهيج الحلق 
الفشل الكلوي,تورم القدمين احتباس السوائل الغثيان الم فى الصدر 
فيرس سي, الشعور بالغثيان القيء الم في العضلات الم في المفاصل الشعور بالتعب فقدان الشهية اصفرار العينين
قرحة المعدة,الم في المعدة فقدان الوزن فقدان الشهية القيء الدموي فقر الدم القئ الانتفاخ التجشؤ
نزلات البرد,تضخم الغدد الليمفاوية صدئ البلغم الم في الصدر الم عضلي فقدان حاسة الشم صداع الشعور بالتعب احتقان
نزلات البرد,السعال حمى شديدة صداع صدئ البلغم احتقان الم في الصدر قشعريرة فقدان حاسة الشم الشعور بالتعب
الفشل الكلوي,تورم القدمين احتباس السوائل الغثيان ارتفاع معدل ضربات القلب
فيرس سي, القيء الم في العضلات الم في المفاصل الشعور بالتعب فقدان الشهية اصفرار العينين
الالتهاب الرئوي,الشعور بالتعب السعال الم في الصدر ضيق التنفس ارتفاع معدل ضربات القلب التعرق الخمول
قرحة المعدة,فقدان الشهية الشعور بالشبع القيء الدموي فقر الدم الغثيان القئ الانتفاخ
الفشل الكلوي,تورم القدمين احتباس السوائل الغثيان انخفاض اخراج البول القئ
نزلات البرد, الشعور بالتعب صداع تضخم الغدد الليمفاوية صدئ البلغم احتقان الم في الصدر الم عضلي فقدان حاسة الشم
الالتهاب الرئوي,الشعور بالتعب صدئ البلغم ارتفاع درجة الحرارة ضيق التنفس السعال الخمول الم في الصدر
فيرس سي, الم في البطن اصفرار الجلد الم في العضلات صداع مزمن الم في المفاصل الشعور بالتعب فقدان الشهية اصفرار العينين
قرحة المعدة,فقدان الشهية الشعور بالشبع القيء الدموي فقر الدم الانتفاخ التجشؤ
الفشل الكلوي,ضيق التنفس انخفاض اخراج البول القئ تورم القدمين احتباس السوائل 
الالتهاب الرئوي,قشعريره الم في الصدر الخمول السعال الشعور بالتعب ضيق التنفس التعرق ارتفاع معدل ضربات القلب
قرحة المعدة,فقدان الشهية الشعور بالشبع القيء الدموي فقر الدم الغثيان القئ التجشؤ
نزلات البرد,احتقان الم في الصدر الشعور بالتعب صداع تضخم الغدد الليمفاوية صدئ البلغم الم في الصدر فقدان حاسة الشم 
الفشل الكلوي,تورم القدمين احتباس السوائل الغثيان انخفاض اخراج البول ارتفاع معدل ضربات القلب
فيرس سي,الم في البطن اصفرار الجلد الم في العضلات الم في المفاصل الشعور بالتعب فقدان الشهية اصفرار العينين
الالتهاب الرئوي,الشعور بالتعب السعال الم في الصدر ضيق التنفس ارتفاع معدل ضربات القلب قشعريره التعرق
قرحة المعدة,فقدان الشهية الشعور بالشبع القيء الدموي فقر الدم القئ الانتفاخ
قرحة المعدة,الم في المعدة فقدان الوزن فقدان الشهية الشعور بالشبع فقر الدم الغثيان التجشؤ
الفشل الكلوي,تورم القدمين احتباس السوائل الغثيان انخفاض اخراج البول الم فى الصدر
فيرس سي,الم في البطن القيء الم في العضلات الم في المفاصل الشعور بالتعب فقدان الشهية اصفرار العينين
نزلات البرد,الم عضلي فقدان حاسة الشم صداع تضخم الغدد الليمفاوية صدئ البلغم احتقان الم في الصدر الشعور بالتعب 
نزلات البرد,قشعريرة صدئ البلغم احتقان صداع الم في الصدر فقدان حاسة الشم احمرار العين الشعور بالتعب الم عضلي
الفشل الكلوي,ضيق التنفس انخفاض اخراج البول القئ تورم القدمين الغثيان احتباس السوائل 
فيرس سي, الم في العضلات الم في المفاصل الشعور بالتعب فقدان الشهية اصفرار العينين
نزلات البرد,احتقان صداع الم في الصدر الشعور بالتعب السعال فقدان حاسة الشم صدئ البلغم 
الالتهاب الرئوي,الشعور بالتعب ارتفاع معدل ضربات القلب الم في الصدر السعال قشعريره ضيق التنفس التعرق صدئ البلغم
نزلات البرد,احمرار العين صدئ البلغم صداع الشعور بالتعب الم في الصدر سيلان الأنف احتقان فقدان حاسة الشم تضخم الغدد الليمفاوية 
قرحة المعدة,الم في المعدة فقدان الوزن فقدان الشهية الشعور بالشبع فقر الدم الغثيان القئ
نزلات البرد,حمى شديدة صداع قشعريرة سيلان الأنف احتقان الم في الصدر الشعور بالتعب فقدان حاسة الشم الم عضلي صدئ البلغم 
الالتهاب الرئوي,ضيق التنفس السعال ارتفاع درجة الحرارة قشعريره صدئ البلغم الم في الصدر الخمول
قرحة المعدة,الم في المعدة فقدان الوزن فقدان الشهية الشعور بالشبع فقر الدم القئ الانتفاخ
الالتهاب الرئوي,الم في الصدر السعال ضيق التنفس التعرق صدئ البلغم ارتفاع معدل ضربات القلب الخمول
نزلات البرد,صداع احمرار العين احتقان فقدان حاسة الشم الم عضلي صدئ البلغم الشعور بالتعب الم في الصدر حمى شديدة
قرحة المعدة,الم في المعدة فقدان الوزن فقدان الشهية الشعور بالشبع فقر الدم الغثيان الانتفاخ
نزلات البرد,صداع احمرار العين احتقان الشعور بالتعب صدئ البلغم الم في الصدر قشعريرة فقدان حاسة الشم
الفشل الكلوي, انخفاض اخراج البول القئ احتباس السوائل 
نزلات البرد,الم في الصدر فقدان حاسة الشم الم عضلي سيلان الأنف احتقان صداع الشعور بالتعب
فيرس سي, الم في البطن اصفرار الجلد الشعور بالغثيان صداع مزمن الم في المفاصل الشعور بالتعب فقدان الشهية اصفرار العينين
قرحة المعدة,فقدان الوزن فقدان الشهية الشعور بالشبع القيء الدموي فقر الدم الغثيان القئ الانتفاخ
نزلات البرد,الم في الصدر سيلان الأنف صداع صدئ البلغم فقدان حاسة الشم الشعور بالتعب احتقان 
قرحة المعدة,فقدان الشهية الشعور بالشبع القيء الدموي فقر الدم الغثيان القئ
فيرس سي, الم في البطن اصفرار الجلد الشعور بالغثيان القيء الم في العضلات صداع مزمن الم في المفاصل صداع مزمن
نزلات البرد,سيلان الأنف احتقان الشعور بالتعب السعال الم في الصدر صداع فقدان حاسة الشم صدئ البلغم 
قرحة المعدة,فقدان الوزن فقدان الشهية الشعور بالشبع القيء الدموي فقر الدم الانتفاخ التجشؤ
نزلات البرد,الم في الصدر الشعور بالتعب قشعريرة تهيج الحلق صداع احتقان الم عضلي احمرار العين فقدان حاسة الشم صدئ البلغم 
قرحة المعدة,فقدان الوزن فقدان الشهية الشعور بالشبع القيء الدموي فقر الدم الغثيان القئ التجشؤ
فيرس سي, الم في البطن اصفرار الجلد الشعور بالغثيان القيء الم في العضلات صداع مزمن الم في المفاصل فقدان الشهية 
الالتهاب الرئوي, ارتفاع معدل ضربات القلب الم في الصدر الخمول السعال ضيق التنفس صدئ البلغم
نزلات البرد,تضخم الغدد الليمفاوية الم في الصدر فقدان حاسة الشم الم عضلي صدئ البلغم احتقان صداع الشعور بالتعب سيلان الأنف
الالتهاب الرئوي,الخمول السعال الم في الصدر ضيق التنفس ارتفاع معدل ضربات القلب التعرق
فيرس سي, الشعور بالغثيان الم في البطن اصفرار الجلد القيء الم في العضلات الم في المفاصل 
فيرس سي, الم في المفاصل الشعور بالتعب القيء الم في العضلات فقدان الشهية اصفرار العينين
قرحة المعدة,الم في المعدة فقدان الشهية الشعور بالشبع القيء الدموي فقر الدم الغثيان القئ الانتفاخ
فيرس سي, الم في البطن اصفرار الجلد الشعور بالغثيان القيء صداع مزمن الم في العضلات 
نزلات البرد, الم في الصدر الشعور بالتعب صداع تضخم الغدد الليمفاوية صدئ البلغم تهيج الحلق احتقان فقدان حاسة الشم سيلان الأنف
نزلات البرد,صداع الشعور بالتعب السعال حمى شديدة احتقان الم في الصدر صدئ البلغم فقدان حاسة الشم حمى شديدة 
الالتهاب الرئوي,الم في الصدر السعال قشعريره ضيق التنفس التعرق ارتفاع معدل ضربات القلب صدئ البلغم
الالتهاب الرئوي,الشعور بالتعب ارتفاع درجة الحرارة الم في الصدر قشعريره السعال ضيق التنفس صدئ البلغم
فيرس سي, الم في العضلات الم في المفاصل اصفرار الجلد الشعور بالغثيان القيء 
الفشل الكلوي,ضيق التنفس انخفاض اخراج البول القئ احتباس السوائل 
نزلات البرد,الم عضلي صداع الم في الصدر الشعور بالتعب احتقان فقدان حاسة الشم صدئ البلغم قشعريرة تضخم الغدد الليمفاوية
فيرس سي, الم في البطن اصفرار الجلد الشعور بالغثيان القيء الم في العضلات الشعور بالتعب
الفشل الكلوي,ضيق التنفس انخفاض اخراج البول القئ تورم القدمين 
قرحة المعدة,الم في المعدة فقدان الشهية الشعور بالشبع القيء الدموي فقر الدم الغثيان الانتفاخ التجشؤ
فيرس سي, الم في البطن اصفرار الجلد الشعور بالغثيان القيء الم في العضلات الشعور بالتعب فقدان الشهية 
نزلات البرد, حمى شديدة قشعريرة الشعور بالتعب فقدان حاسة الشم احتقان صداع الم في الصدر صدئ البلغم سيلان الأنف 
فيرس سي, الم في العضلات الم في المفاصل الشعور بالتعب فقدان الشهية اصفرار الجلد الشعور بالغثيان القيء 
الفشل الكلوي,ضيق التنفس انخفاض اخراج البول القئ الخمول احتباس السوائل 
قرحة المعدة,الم في المعدة فقدان الوزن الشعور بالشبع القيء الدموي فقر الدم الغثيان القئ الانتفاخ التجشؤ
فيرس سي, الم في المفاصل الشعور بالتعب فقدان الشهية اصفرار العينين الم في البطن القيء 
قرحة المعدة,فقدان الشهية الشعور بالشبع القيء الدموي فقر الدم الغثيان الانتفاخ
فيرس سي, الم في العضلات الم في المفاصل الشعور بالتعب فقدان الشهية القيء 
الفشل الكلوي,ضيق التنفس انخفاض اخراج البول القئ الخمول الغثيان 
نزلات البرد, فقدان حاسة الشم صدئ البلغم صداع احمرار العين الشعور بالتعب سيلان الأنف احتقان الم في الصدر حمى شديدة
قرحة المعدة,فقدان الشهية الشعور بالشبع القيء الدموي فقر الدم الغثيان التجشؤ
نزلات البرد,قشعريرة السعال حمى شديدة صداع الم في الصدر فقدان حاسة الشم تضخم الغدد الليمفاوية الشعور بالتعب صدئ البلغم احتقان 
فيرس سي, الم في البطن اصفرار الجلد الشعور بالغثيان القيء صداع مزمن الم في العضلات الم في المفاصل فقدان الشهية اصفرار العينين
نزلات البرد,قشعريرة الشعور بالتعب السعال احتقان الم في الصدر صداع تضخم الغدد الليمفاوية صدئ البلغم فقدان حاسة الشم 
قرحة المعدة,فقدان الوزن فقدان الشهية الشعور بالشبع القيء الدموي فقر الدم القئ الانتفاخ
الفشل الكلوي, انخفاض اخراج البول القئ الخمول 
الالتهاب الرئوي, ارتفاع معدل ضربات القلب الم في الصدر قشعريره السعال ضيق التنفس صدئ البلغم
فيرس سي, الم في البطن اصفرار الجلد الشعور بالغثيان القيء اصفرار العينين صداع مزمن
الفشل الكلوي, انخفاض اخراج البول القئ تورم القدمين الغثيان احتباس السوائل 
قرحة المعدة,الم في المعدة فقدان الوزن فقدان الشهية الشعور بالشبع فقر الدم القئ التجشؤ
الفشل الكلوي, انخفاض اخراج البول القئ تورم القدمين الخمول احتباس السوائل 
قرحة المعدة,الم في المعدة فقدان الوزن فقدان الشهية الشعور بالشبع فقر الدم الغثيان القئ الانتفاخ
نزلات البرد,احمرار العين الم في الصدر صداع احتقان الشعور بالتعب السعال فقدان حاسة الشم صدئ البلغم 
قرحة المعدة,الم في المعدة فقدان الوزن فقدان الشهية الشعور بالشبع فقر الدم الانتفاخ التجشؤ
قرحة المعدة,فقدان الوزن فقدان الشهية الشعور بالشبع القيء الدموي فقر الدم الغثيان التجشؤ
نزلات البرد,فقدان حاسة الشم صداع الشعور بالتعب احتقان صدئ البلغم تهيج الحلق الم في الصدر تضخم الغدد الليمفاوية
قرحة المعدة,فقدان الوزن فقدان الشهية الشعور بالشبع القيء الدموي فقر الدم الغثيان الانتفاخ
فيرس سي, الم في المفاصل الشعور بالتعب فقدان الشهية اصفرار العينين القيء 
الفشل الكلوي, انخفاض اخراج البول القئ تورم القدمين الخمول احتباس السوائل الغثيان 
فيرس سي, الم في البطن اصفرار الجلد الشعور بالغثيان القيء صداع مزمن الم في العضلات فقدان الشهية اصفرار العينين
قرحة المعدة,الم في المعدة فقدان الوزن الشعور بالشبع القيء الدموي فقر الدم الغثيان
نزلات البرد,سيلان الأنف احتقان الشعور بالتعب الم في الصدر صداع فقدان حاسة الشم صدئ البلغم فقدان حاسة الشم ضغط الجيوب الأنفية
الالتهاب الرئوي,الم في الصدر السعال ارتفاع درجة الحرارة ضيق التنفس التعرق ارتفاع معدل ضربات القلب صدئ البلغم الخمول
قرحة المعدة,الم في المعدة فقدان الوزن فقدان الشهية الشعور بالشبع فقر الدم الغثيان القئ التجشؤ
الفشل الكلوي,تورم القدمين احتباس السوائل الغثيان الخمول انخفاض اخراج البول ضيق التنفس الم فى الصدر 
نزلات البرد,حمى شديدة صداع صدئ البلغم تهيج الحلق الم في الصدر الشعور بالتعب احتقان تضخم الغدد الليمفاوية فقدان حاسة الشم
قرحة المعدة,الم في المعدة فقدان الوزن فقدان الشهية الشعور بالشبع القيء الدموي
قرحة المعدة,الم في المعدة فقدان الوزن فقدان الشهية الشعور بالشبع فقر الدم القئ الانتفاخ التجشؤ
نزلات البرد, احمرار العين صداع قشعريرة الشعور بالتعب احتقان صدئ البلغم تضخم الغدد الليمفاوية الم في الصدر فقدان حاسة الشم
قرحة المعدة,الم في المعدة فقدان الوزن فقدان الشهية الشعور بالشبع فقر الدم الغثيان الانتفاخ التجشؤ
نزلات البرد,احتقان الم في الصدر قشعريرة الشعور بالتعب السعال صدئ البلغم صداع فقدان حاسة الشم ضغط الجيوب الأنفية
قرحة المعدة,الم في المعدة فقدان الوزن فقدان الشهية الشعور بالشبع القيء الدموي الغثيان القئ الانتفاخ التجشؤ
فيرس سي,الم في البطن اصفرار الجلد الشعور بالغثيان القيء الشعور بالتعب فقدان الشهية اصفرار العينين
نزلات البرد,السعال احمرار العين الشعور بالتعب صداع احتقان الم في الصدر الم عضلي صدئ البلغم فقدان حاسة الشم تهيج الحلق
قرحة المعدة,الم في المعدة فقدان الوزن فقدان الشهية الشعور بالشبع القيء الدموي الغثيان
الفشل الكلوي, انخفاض اخراج البول القئ تورم القدمين الغثيان 
قرحة المعدة,فقدان الشهية الشعور بالشبع القيء الدموي فقر الدم القئ
الفشل الكلوي,تورم القدمين احتباس السوائل الغثيان الخمول انخفاض اخراج البول ضيق التنفس القئ 
نزلات البرد,ضغط الجيوب الأنفية احتقان الشعور بالتعب صداع السعال صدئ البلغم الم في الصدر فقدان حاسة الشم قشعريرة 
الفشل الكلوي,تورم القدمين احتباس السوائل الغثيان الخمول انخفاض اخراج البول ضيق التنفس انخفاض اخراج البول
نزلات البرد,حمى شديدة صداع تهيج الحلق احمرار العين فقدان حاسة الشم الشعور بالتعب الم في الصدر احتقان صدئ البلغم
نزلات البرد,فقدان حاسة الشم صداع الشعور بالتعب احتقان صدئ البلغم تهيج الحلق الم في الصدر
قرحة المعدة,فقدان الشهية الشعور بالشبع القيء الدموي فقر الدم التجشؤ
الفشل الكلوي, انخفاض اخراج البول القئ الخمول الغثيان 
نزلات البرد,الم عضلي ضغط الجيوب الأنفية صداع احتقان الم في الصدر الشعور بالتعب السعال صدئ البلغم فقدان حاسة الشم
قرحة المعدة,الم في المعدة فقدان الوزن فقدان الشهية الشعور بالشبع القيء الدموي الانتفاخ
الفشل الكلوي,ضيق التنفس انخفاض اخراج البول القئ تورم القدمين الغثيان احتباس السوائل الخمول 
نزلات البرد,تهيج الحلق الشعور بالتعب قشعريرة صداع احتقان الم في الصدر سيلان الأنف صدئ البلغم فقدان حاسة الشم احمرار العين 
قرحة المعدة,الم في المعدة فقدان الوزن فقدان الشهية الشعور بالشبع القيء الدموي القئ
الفشل الكلوي, انخفاض اخراج البول القئ تورم القدمين احتباس السوائل 
فيرس سي, الم في العضلات الم في المفاصل الشعور بالتعب فقدان الشهية اصفرار العينين صداع مزمن الم في البطن اصفرار الجلد الشعور بالغثيان القيء 
الفشل الكلوي,تورم القدمين احتباس السوائل الغثيان الخمول الم فى الصدر 
قرحة المعدة,الم في المعدة فقدان الوزن فقدان الشهية القيء الدموي فقر الدم الغثيان الانتفاخ
الفشل الكلوي, انخفاض اخراج البول القئ الخمول احتباس السوائل 
قرحة المعدة,الم في المعدة فقدان الوزن الشعور بالشبع القيء الدموي فقر الدم الغثيان القئ التجشؤ
الفشل الكلوي,تورم القدمين انخفاض اخراج البول ضيق التنفس القئ 
نزلات البرد,تضخم الغدد الليمفاوية احتقان الم في الصدر فقدان حاسة الشم الم عضلي الشعور بالتعب السعال حمى شديدة صداع صدئ البلغم 
الالتهاب الرئوي,الخمول السعال الم في الصدر ضيق التنفس ارتفاع ضغط الدم ارتفاع معدل ضربات القلب التعرق
فيرس سي,صداع مزمن الم في البطن اصفرار الجلد الشعور بالغثيان القيء الم في المفاصل الشعور بالتعب فقدان الشهية 
قرحة المعدة,الم في المعدة فقدان الوزن فقدان الشهية القيء الدموي فقر الدم القئ الانتفاخ
الفشل الكلوي,انخفاض اخراج البول الخمول تورم القدمين الغثيان 
فيرس سي, الم في البطن اصفرار الجلد الشعور بالغثيان القيء صداع مزمن الم في المفاصل الشعور بالتعب فقدان الشهية اصفرار العينين
فيرس سي, الم في البطن اصفرار الجلد الشعور بالغثيان القيء الم في المفاصل الشعور بالتعب صداع مزمن
الفشل الكلوي,تورم القدمين احتباس السوائل الغثيان انخفاض اخراج البول ضيق التنفس القئ 
قرحة المعدة,الم في المعدة فقدان الوزن الشعور بالشبع القيء الدموي فقر الدم الغثيان الانتفاخ التجشؤ
الالتهاب الرئوي,الم في الصدر السعال قشعريره ضيق التنفس التعرق ارتفاع ضغط الدم ارتفاع معدل ضربات القلب صدئ البلغم
الفشل الكلوي,تورم القدمين انخفاض اخراج البول ضيق التنفس الم فى الصدر 
نزلات البرد,قشعريرة الشعور بالتعب الم في الصدر سيلان الأنف صداع صدئ البلغم تهيج الحلق فقدان حاسة الشم احتقان 
فيرس سي, الم في البطن اصفرار الجلد الشعور بالغثيان القيء الم في العضلات الشعور بالتعب فقدان الشهية اصفرار العينين
الفشل الكلوي,تورم القدمين انخفاض اخراج البول ارتفاع معدل ضربات القلب
نزلات البرد,احمرار العين صداع الشعور بالتعب السعال احتقان الم في الصدر صدئ البلغم تهيج الحلق فقدان حاسة الشم
قرحة المعدة,فقدان الشهية الشعور بالشبع القيء الدموي فقر الدم
الفشل الكلوي,تورم القدمين انخفاض اخراج البول الم فى الصدر
نزلات البرد,فقدان حاسة الشم الم في الصدر الشعور بالتعب صداع صدئ البلغم الم في الصدر سيلان الأنف احتقان 
الفشل الكلوي,تورم القدمين احتباس السوائل الغثيان الخمول ارتفاع معدل ضربات القلب
فيرس سي,صداع مزمن الم في البطن اصفرار الجلد الشعور بالغثيان الم في العضلات الم في المفاصل
قرحة المعدة,الم في المعدة فقدان الشهية الشعور بالشبع القيء الدموي فقر الدم القئ التجشؤ
الفشل الكلوي,تورم القدمين احتباس السوائل انخفاض اخراج البول القئ
قرحة المعدة,الم في المعدة فقدان الشهية الشعور بالشبع القيء الدموي فقر الدم القئ الانتفاخ
نزلات البرد,ضغط الجيوب الأنفية تهيج الحلق احمرار العين الشعور بالتعب صداع صدئ البلغم احتقان الم في الصدر الم عضلي فقدان حاسة الشم
فيرس سي,صداع مزمن الم في البطن اصفرار الجلد الشعور بالغثيان القيء الم في المفاصل
الفشل الكلوي,تورم القدمين احتباس السوائل ارتفاع معدل ضربات القلب
نزلات البرد,صداع صدئ البلغم الم في الصدر الشعور بالتعب فقدان حاسة الشم سيلان الأنف احتقان حمى شديدة 
الفشل الكلوي,تورم القدمين انخفاض اخراج البول ضيق التنفس القئ الم فى الصدر ارتفاع معدل ضربات القلب
فيرس سي,صداع مزمن الم في البطن اصفرار الجلد الشعور بالغثيان الم في العضلات الم في المفاصل الشعور بالتعب فقدان الشهية 
قرحة المعدة,الم في المعدة فقدان الوزن فقدان الشهية القيء الدموي فقر الدم الغثيان القئ الانتفاخ التجشؤ
فيرس سي,الم في البطن اصفرار الجلد الشعور بالغثيان الم في المفاصل الشعور بالتعب فقدان الشهية اصفرار العينين
الفشل الكلوي,تورم القدمين انخفاض اخراج البول ضيق التنفس ارتفاع معدل ضربات القلب
فيرس سي, الم في البطن اصفرار الجلد الشعور بالغثيان الم في العضلات الم في المفاصل الشعور بالتعب صداع مزمن
قرحة المعدة,الم في المعدة فقدان الوزن فقدان الشهية القيء الدموي فقر الدم التجشؤ
الفشل الكلوي,انخفاض اخراج البول الخمول تورم القدمين احتباس السوائل 
فيرس سي, الم في البطن اصفرار الجلد الشعور بالغثيان صداع مزمن الم في العضلات الم في المفاصل الشعور بالتعب فقدان الشهية اصفرار العينين
فيرس سي, الم في العضلات الم في المفاصل الشعور بالتعب فقدان الشهية اصفرار العينين صداع مزمن الم في البطن اصفرار الجلد الشعور بالغثيان 
الفشل الكلوي,انخفاض اخراج البول الخمول تورم القدمين احتباس السوائل الغثيان
قرحة المعدة,الم في المعدة فقدان الوزن فقدان الشهية القيء الدموي فقر الدم القئ
الفشل الكلوي,انخفاض اخراج البول احتباس السوائل تورم القدمين  الغثيان 
فيرس سي,الم في البطن اصفرار الجلد الشعور بالغثيان القيء الم في المفاصل
الالتهاب الرئوي,قشعريره السعال ارتفاع درجة الحرارة ضيق التنفس ارتفاع ضغط الدم التعرق صدئ البلغم ارتفاع معدل ضربات القلب الم في الصدر
قرحة المعدة,الم في المعدة فقدان الشهية الشعور بالشبع القيء الدموي فقر الدم الغثيان
الالتهاب الرئوي,الم في الصدر الخمول السعال ارتفاع ضغط الدم ضيق التنفس التعرق صدئ البلغم ارتفاع معدل ضربات القلب
نزلات البرد,تهيج الحلق الشعور بالتعب صداع فقدان حاسة الشم احتقان صدئ البلغم الم في الصدر احمرار العين
قرحة المعدة,الم في المعدة فقدان الشهية الشعور بالشبع القيء الدموي فقر الدم
الالتهاب الرئوي,ارتفاع درجة الحرارة صدئ البلغم ارتفاع ضغط الدم ارتفاع معدل ضربات القلب ضيق التنفس السعال الخمول الم في الصدر
الفشل الكلوي, ارتفاع معدل ضربات القلب انخفاض اخراج البول الم فى الصدر القئ ضيق التنفس الغثيان تورم القدمين
قرحة المعدة,الم في المعدة فقدان الشهية الشعور بالشبع القيء الدموي فقر الدم الانتفاخ
فيرس سي,الم في البطن اصفرار الجلد الشعور بالغثيان القيء الم في العضلات الشعور بالتعب فقدان الشهية اصفرار العينين
الالتهاب الرئوي, ارتفاع معدل ضربات القلب ارتفاع ضغط الدم الم في الصدر الخمول السعال ضيق التنفس صدئ البلغم
قرحة المعدة,الم في المعدة فقدان الوزن فقدان الشهية الشعور بالشبع القيء الدموي الغثيان الانتفاخ التجشؤ
الالتهاب الرئوي, ارتفاع معدل ضربات القلب الم في الصدر الشعور بالتعب السعال ضيق التنفس صدئ البلغم ارتفاع ضغط الدم
فيرس سي, فقدان الشهية اصفرار العينين الم في البطن اصفرار الجلد الشعور بالغثيان 
الالتهاب الرئوي,الخمول السعال ارتفاع درجة الحرارة ارتفاع ضغط الدم ضيق التنفس ارتفاع معدل ضربات القلب الم في الصدر
قرحة المعدة,الم في المعدة فقدان الوزن فقدان الشهية الشعور بالشبع القيء الدموي القئ الانتفاخ التجشؤ
الفشل الكلوي,تورم القدمين احتباس السوائل الغثيان ضيق التنفس
نزلات البرد,تهيج الحلق الشعور بالتعب صداع فقدان حاسة الشم احتقان صدئ البلغم الم في الصدر
الالتهاب الرئوي,ارتفاع ضغط الدم الم في الصدر الشعور بالتعب السعال ضيق التنفس التعرق صدئ البلغم ارتفاع معدل ضربات القلب
قرحة المعدة,الم في المعدة فقدان الوزن الشعور بالشبع القيء الدموي فقر الدم الانتفاخ
الالتهاب الرئوي, ارتفاع ضغط الدم ضيق التنفس الشعور بالتعب السعال ارتفاع درجة الحرارة قشعريره صدئ البلغم الم في الصدر الخمول
الفشل الكلوي,تورم القدمين احتباس السوائل الغثيان الخمول انخفاض اخراج البول ضيق التنفس القئ الم فى الصدر 
فيرس سي, اصفرار الجلد الشعور بالغثيان فقدان الشهية اصفرار العينين الم في البطن صداع مزمن
الفشل الكلوي,ضيق التنفس انخفاض اخراج البول القئ ارتفاع معدل ضربات القلب الخمول احتباس السوائل تورم القدمين الغثيان 
قرحة المعدة,فقدان الوزن فقدان الشهية الشعور بالشبع القيء الدموي فقر الدم الانتفاخ
الالتهاب الرئوي,الشعور بالتعب السعال ارتفاع ضغط الدم الم في الصدر ضيق التنفس ارتفاع معدل ضربات القلب التعرق قشعريره
الفشل الكلوي,تورم القدمين انخفاض اخراج البول ضيق التنفس انخفاض اخراج البول
الالتهاب الرئوي,ارتفاع ضغط الدم الخمول السعال ارتفاع درجة الحرارة ضيق التنفس ارتفاع معدل ضربات القلب الم في الصدر
